date,clicks,impressions,ctr,position
2026-03-06,1,23,4.3478,15.78
2026-03-07,0,9,0.0000,13.22
2026-03-08,0,13,0.0000,16.31
2026-03-09,0,24,0.0000,13.17
2026-03-10,2,56,3.5714,7.27
2026-03-11,5,116,4.3103,6.66
2026-03-12,9,144,6.2500,6.84
2026-03-13,8,174,4.5977,8.49
2026-03-14,3,121,2.4793,7.92
2026-03-15,5,137,3.6496,6.47
2026-03-16,14,477,2.9350,6.62
2026-03-17,17,551,3.0853,6.54
2026-03-18,26,693,3.7518,6.38
2026-03-19,15,671,2.2355,7.22
2026-03-20,19,1615,1.1765,6.50
2026-03-21,17,1054,1.6129,6.41
2026-03-22,8,584,1.3699,5.94
2026-03-23,14,880,1.5909,6.35
2026-03-24,11,891,1.2346,6.76
2026-03-25,24,1010,2.3762,6.53
2026-03-26,27,802,3.3666,6.47
2026-03-27,18,937,1.9210,6.38
2026-03-28,14,484,2.8926,7.06
2026-03-29,14,408,3.4314,7.52
2026-03-30,21,1171,1.7933,6.84
2026-03-31,21,1207,1.7399,6.76
2026-04-01,15,1046,1.4340,7.30
2026-04-02,11,389,2.8278,6.86
2026-04-03,6,312,1.9231,7.43
2026-04-04,5,395,1.2658,7.23
2026-04-05,12,371,3.2345,6.90
2026-04-06,27,1202,2.2463,6.12
2026-04-07,21,1148,1.8293,6.30
2026-04-08,23,1105,2.0814,6.22
2026-04-09,24,954,2.5157,6.48
2026-04-10,22,834,2.6379,6.60
2026-04-11,6,318,1.8868,6.86
2026-04-12,7,299,2.3411,6.98
2026-04-13,16,967,1.6546,6.41
2026-04-14,23,970,2.3711,6.70
2026-04-15,21,914,2.2976,6.52
2026-04-16,14,912,1.5351,6.37
2026-04-17,11,586,1.8771,6.65
2026-04-18,5,294,1.7007,6.91
2026-04-19,12,266,4.5113,6.32
2026-04-20,16,664,2.4096,6.00
2026-04-21,16,696,2.2989,6.46
2026-04-22,7,597,1.1725,6.50
2026-04-23,8,615,1.3008,6.64
2026-04-24,11,567,1.9400,6.91
2026-04-25,5,223,2.2422,7.10
2026-04-26,3,238,1.2605,5.28
2026-04-27,18,562,3.2028,6.12
2026-04-28,18,638,2.8213,6.04
2026-04-29,16,717,2.2315,6.54
2026-04-30,24,614,3.9088,5.90
2026-05-01,7,263,2.6616,6.32
2026-05-02,7,347,2.0173,6.56
2026-05-03,10,276,3.6232,6.30
2026-05-04,11,751,1.4647,6.08
2026-05-05,13,738,1.7615,6.01
2026-05-06,24,818,2.9340,6.15
2026-05-07,21,735,2.8571,5.98
2026-05-08,17,726,2.3416,5.95
2026-05-09,9,337,2.6706,6.22
2026-05-10,8,274,2.9197,6.41
2026-05-11,33,841,3.9239,5.82
2026-05-12,21,664,3.1627,5.69
2026-05-13,17,771,2.2049,5.89
2026-05-14,18,797,2.2585,5.97
2026-05-15,15,768,1.9531,6.26
2026-05-16,14,708,1.9774,7.26
2026-05-17,13,780,1.6667,7.30
2026-05-18,25,1438,1.7385,7.07
2026-05-19,23,1353,1.6999,7.37
2026-05-20,21,1279,1.6419,7.05
2026-05-21,30,1015,2.9557,6.27
2026-05-22,16,993,1.6113,6.32
2026-05-23,14,483,2.8986,6.73
2026-05-24,11,469,2.3454,7.46
2026-05-25,22,752,2.9255,6.64
2026-05-26,30,1605,1.8692,6.24
2026-05-27,45,1731,2.5997,6.14
2026-05-28,35,1622,2.1578,6.32
2026-05-29,42,1749,2.4014,6.37
2026-05-30,18,1038,1.7341,6.51
2026-05-31,16,879,1.8203,6.38
2026-06-01,64,2248,2.8470,5.97
2026-06-02,48,1952,2.4590,6.17
2026-06-03,48,2239,2.1438,6.63
2026-06-04,56,1937,2.8911,6.37
2026-06-05,36,1743,2.0654,6.62
2026-06-06,25,1222,2.0458,6.93
2026-06-07,22,1135,1.9383,6.78
2026-06-08,70,3448,2.0302,6.24
2026-06-09,85,3974,2.1389,6.14
2026-06-10,96,4181,2.2961,6.19
2026-06-11,98,4349,2.2534,6.27
2026-06-12,90,4138,2.1750,6.30
2026-06-13,28,1816,1.5419,6.81
2026-06-14,19,1825,1.0411,7.21
2026-06-15,48,2434,1.9721,7.29
2026-06-16,75,5718,1.3116,6.69
2026-06-17,107,6207,1.7239,6.93
2026-06-18,105,5956,1.7629,6.81
2026-06-19,97,5969,1.6251,6.75
2026-06-20,34,2710,1.2546,7.04
2026-06-21,45,2204,2.0417,6.75
2026-06-22,97,5209,1.8622,6.48
2026-06-23,121,6366,1.9007,6.67
2026-06-24,100,6356,1.5733,6.73
2026-06-25,131,5916,2.2143,6.45
2026-06-26,120,6001,1.9997,6.68
2026-06-27,65,3373,1.9271,6.69
2026-06-28,51,3143,1.6227,6.51
2026-06-29,153,7065,2.1656,6.10
2026-06-30,137,8723,1.5706,6.59
2026-07-01,168,10235,1.6414,6.21
2026-07-02,172,8802,1.9541,5.99
2026-07-03,105,6757,1.5539,6.37
2026-07-04,81,4290,1.8881,6.36
2026-07-05,97,3972,2.4421,6.12
2026-07-06,179,8353,2.1429,6.03
2026-07-07,113,5842,1.9343,6.29
2026-07-08,143,6858,2.0852,6.29
2026-07-09,83,3963,2.0944,6.17
2026-07-10,138,5810,2.3752,6.24
2026-07-11,65,3514,1.8497,6.35
2026-07-12,77,3273,2.3526,6.07
2026-07-13,171,8429,2.0287,5.81
2026-07-14,145,7947,1.8246,6.03
2026-07-15,86,5529,1.5554,6.03
2026-07-16,122,6542,1.8649,5.94
2026-07-17,162,7658,2.1154,5.99
2026-07-18,41,3573,1.1475,6.45
2026-07-19,40,2345,1.7058,6.06
2026-07-20,143,7623,1.8759,5.95
2026-07-21,142,8973,1.5825,6.21
2026-07-22,111,8734,1.2709,6.20
2026-07-23,103,7844,1.3131,6.22
2026-07-24,121,7968,1.5186,6.54
2026-07-25,67,4416,1.5172,6.40
2026-07-26,79,3886,2.0329,6.31
2026-07-27,161,8334,1.9318,6.31
2026-07-28,137,8585,1.5958,6.67
2026-07-29,117,8286,1.4120,6.57
2026-07-30,144,7850,1.8344,6.45
2026-07-31,122,9894,1.2331,6.74
2026-08-01,84,5667,1.4823,6.78
2026-08-02,84,4472,1.8784,6.49
2026-08-03,189,11030,1.7135,6.52
2026-08-04,141,9763,1.4442,6.70
2026-08-05,123,8882,1.3848,6.77
2026-08-06,130,8059,1.6131,6.60
2026-08-07,105,8099,1.2965,6.70
2026-08-08,69,4551,1.5162,6.69
2026-08-09,65,3836,1.6945,6.53
2026-08-10,147,8554,1.7185,6.45
2026-08-11,135,8688,1.5539,6.63
2026-08-12,132,8789,1.5019,6.66
2026-08-13,131,8527,1.5363,6.64
2026-08-14,120,8216,1.4606,6.51
2026-08-15,56,4065,1.3776,6.65
2026-08-16,57,3557,1.6025,6.39
2026-08-17,90,4813,1.8699,6.29
2026-08-18,148,9204,1.6080,6.29
2026-08-19,138,8827,1.5634,6.58
2026-08-20,144,8570,1.6803,6.56
2026-08-21,134,8936,1.4996,6.50
2026-08-22,81,4603,1.7597,6.76
2026-08-23,72,4716,1.5267,6.31
2026-08-24,163,9954,1.6375,6.30
2026-08-25,156,10989,1.4196,6.61
2026-08-26,163,10870,1.4995,6.53
2026-08-27,175,10183,1.7186,6.41
2026-08-28,137,10254,1.3361,6.66
2026-08-29,102,5693,1.7917,6.54
2026-08-30,79,5369,1.4714,6.36
2026-08-31,262,13036,2.0098,6.22
2026-09-01,238,14111,1.6866,6.39
2026-09-02,239,12847,1.8604,6.49
2026-09-03,202,10635,1.8994,6.40
2026-09-04,176,11152,1.5782,6.55
2026-09-05,106,6154,1.7225,6.74
